name,deviation
ortho_10_d2723dcc,8.41854
ortho_20_5a9e8244,8.97404
ortho_20_e2aff192,9.49763
ortho_40_56a6f463,10.8129
ortho_40_df58ce3b,10.7314
ortho_60_5c5796a0,18.5826
ortho_60_c423f527,10.7134
ortho_60_f744490d,12.8464
ortho_80_06ee55d4,13.0341
ortho_100_bd1e4a14,13.8877
ortho_150_53eb4022,15.6314
ortho_250_3b977f7e,16.1256
ortho_250_6e6a66c2,15.4934
